[{
    "name": "Lofty",
    "review": "Knowledgeable staff, stacked menu. Trust the Ethiopian in a pour over if you know your flavors. Will be back for the rest of this menu soon.",
    "rating": 4
},
{
    "name": "Zumbar",
    "review": "Came to SD for school tour and heading back to the Bay Area after today's final meeting. Was drinking Starbucks the whole trip until my sis recommended this cafe to me. LOVE IT! Unlike many other coffee shops that serve watery coffee or espresso that you can't even taste in your latte.",
    "rating": 5
},
{
    "name": "Blue Bottle",
    "review": "The place was empty the afternoon I came in, so I was able to quickly place an order for their version of a New Orleans cold brew. I received my drink right as my credit card order went through. Very fast and efficient.",
    "rating": 3
},
{
    "name": "Bird Rock",
    "review": "When it comes to environment and ambience, this place is amazing! It has a cute lil look, yet looks a bit modern. It's very eye appealing and I would definitely deem Instagramable.",
    "rating": 3
},
{
    "name": "Better Buzz Coffee",
    "review": "This coffee shop is really cute. The decor is beautiful, food and coffee is tasty and the service is friendly and quick.",
    "rating": 5
}
]
